[{"model": "admin.logentry", "pk": 1, "fields": {"action_time": "2023-03-23T19:35:32.679Z", "user": 1, "content_type": null, "object_id": "1", "object_repr": "Friendship object (1)", "action_flag": 3, "change_message": ""}}, {"model": "admin.logentry", "pk": 2, "fields": {"action_time": "2023-03-23T19:35:41.811Z", "user": 1, "content_type": null, "object_id": "1", "object_repr": "Friendship object (1)", "action_flag": 1, "change_message": "[{\"added\": {}}]"}}, {"model": "auth.permission", "pk": 53, "fields": {"name": "Can add log entry", "content_type": 14, "codename": "add_logentry"}}, {"model": "auth.permission", "pk": 54, "fields": {"name": "Can change log entry", "content_type": 14, "codename": "change_logentry"}}, {"model": "auth.permission", "pk": 55, "fields": {"name": "Can delete log entry", "content_type": 14, "codename": "delete_logentry"}}, {"model": "auth.permission", "pk": 56, "fields": {"name": "Can view log entry", "content_type": 14, "codename": "view_logentry"}}, {"model": "auth.permission", "pk": 57, "fields": {"name": "Can add permission", "content_type": 15, "codename": "add_permission"}}, {"model": "auth.permission", "pk": 58, "fields": {"name": "Can change permission", "content_type": 15, "codename": "change_permission"}}, {"model": "auth.permission", "pk": 59, "fields": {"name": "Can delete permission", "content_type": 15, "codename": "delete_permission"}}, {"model": "auth.permission", "pk": 60, "fields": {"name": "Can view permission", "content_type": 15, "codename": "view_permission"}}, {"model": "auth.permission", "pk": 61, "fields": {"name": "Can add group", "content_type": 16, "codename": "add_group"}}, {"model": "auth.permission", "pk": 62, "fields": {"name": "Can change group", "content_type": 16, "codename": "change_group"}}, {"model": "auth.permission", "pk": 63, "fields": {"name": "Can delete group", "content_type": 16, "codename": "delete_group"}}, {"model": "auth.permission", "pk": 64, "fields": {"name": "Can view group", "content_type": 16, "codename": "view_group"}}, {"model": "auth.permission", "pk": 65, "fields": {"name": "Can add user", "content_type": 17, "codename": "add_user"}}, {"model": "auth.permission", "pk": 66, "fields": {"name": "Can change user", "content_type": 17, "codename": "change_user"}}, {"model": "auth.permission", "pk": 67, "fields": {"name": "Can delete user", "content_type": 17, "codename": "delete_user"}}, {"model": "auth.permission", "pk": 68, "fields": {"name": "Can view user", "content_type": 17, "codename": "view_user"}}, {"model": "auth.permission", "pk": 69, "fields": {"name": "Can add content type", "content_type": 18, "codename": "add_contenttype"}}, {"model": "auth.permission", "pk": 70, "fields": {"name": "Can change content type", "content_type": 18, "codename": "change_contenttype"}}, {"model": "auth.permission", "pk": 71, "fields": {"name": "Can delete content type", "content_type": 18, "codename": "delete_contenttype"}}, {"model": "auth.permission", "pk": 72, "fields": {"name": "Can view content type", "content_type": 18, "codename": "view_contenttype"}}, {"model": "auth.permission", "pk": 73, "fields": {"name": "Can add session", "content_type": 19, "codename": "add_session"}}, {"model": "auth.permission", "pk": 74, "fields": {"name": "Can change session", "content_type": 19, "codename": "change_session"}}, {"model": "auth.permission", "pk": 75, "fields": {"name": "Can delete session", "content_type": 19, "codename": "delete_session"}}, {"model": "auth.permission", "pk": 76, "fields": {"name": "Can view session", "content_type": 19, "codename": "view_session"}}, {"model": "auth.permission", "pk": 77, "fields": {"name": "Can add book", "content_type": 20, "codename": "add_book"}}, {"model": "auth.permission", "pk": 78, "fields": {"name": "Can change book", "content_type": 20, "codename": "change_book"}}, {"model": "auth.permission", "pk": 79, "fields": {"name": "Can delete book", "content_type": 20, "codename": "delete_book"}}, {"model": "auth.permission", "pk": 80, "fields": {"name": "Can view book", "content_type": 20, "codename": "view_book"}}, {"model": "auth.permission", "pk": 81, "fields": {"name": "Can add genre", "content_type": 21, "codename": "add_genre"}}, {"model": "auth.permission", "pk": 82, "fields": {"name": "Can change genre", "content_type": 21, "codename": "change_genre"}}, {"model": "auth.permission", "pk": 83, "fields": {"name": "Can delete genre", "content_type": 21, "codename": "delete_genre"}}, {"model": "auth.permission", "pk": 84, "fields": {"name": "Can view genre", "content_type": 21, "codename": "view_genre"}}, {"model": "auth.permission", "pk": 85, "fields": {"name": "Can add time period", "content_type": 22, "codename": "add_timeperiod"}}, {"model": "auth.permission", "pk": 86, "fields": {"name": "Can change time period", "content_type": 22, "codename": "change_timeperiod"}}, {"model": "auth.permission", "pk": 87, "fields": {"name": "Can delete time period", "content_type": 22, "codename": "delete_timeperiod"}}, {"model": "auth.permission", "pk": 88, "fields": {"name": "Can view time period", "content_type": 22, "codename": "view_timeperiod"}}, {"model": "auth.permission", "pk": 89, "fields": {"name": "Can add user book relation", "content_type": 23, "codename": "add_userbookrelation"}}, {"model": "auth.permission", "pk": 90, "fields": {"name": "Can change user book relation", "content_type": 23, "codename": "change_userbookrelation"}}, {"model": "auth.permission", "pk": 91, "fields": {"name": "Can delete user book relation", "content_type": 23, "codename": "delete_userbookrelation"}}, {"model": "auth.permission", "pk": 92, "fields": {"name": "Can view user book relation", "content_type": 23, "codename": "view_userbookrelation"}}, {"model": "auth.permission", "pk": 93, "fields": {"name": "Can add friendship", "content_type": 24, "codename": "add_friendship"}}, {"model": "auth.permission", "pk": 94, "fields": {"name": "Can change friendship", "content_type": 24, "codename": "change_friendship"}}, {"model": "auth.permission", "pk": 95, "fields": {"name": "Can delete friendship", "content_type": 24, "codename": "delete_friendship"}}, {"model": "auth.permission", "pk": 96, "fields": {"name": "Can view friendship", "content_type": 24, "codename": "view_friendship"}}, {"model": "auth.permission", "pk": 97, "fields": {"name": "Can add profile", "content_type": 25, "codename": "add_profile"}}, {"model": "auth.permission", "pk": 98, "fields": {"name": "Can change profile", "content_type": 25, "codename": "change_profile"}}, {"model": "auth.permission", "pk": 99, "fields": {"name": "Can delete profile", "content_type": 25, "codename": "delete_profile"}}, {"model": "auth.permission", "pk": 100, "fields": {"name": "Can view profile", "content_type": 25, "codename": "view_profile"}}, {"model": "auth.permission", "pk": 101, "fields": {"name": "Can add review", "content_type": 26, "codename": "add_review"}}, {"model": "auth.permission", "pk": 102, "fields": {"name": "Can change review", "content_type": 26, "codename": "change_review"}}, {"model": "auth.permission", "pk": 103, "fields": {"name": "Can delete review", "content_type": 26, "codename": "delete_review"}}, {"model": "auth.permission", "pk": 104, "fields": {"name": "Can view review", "content_type": 26, "codename": "view_review"}}, {"model": "auth.permission", "pk": 105, "fields": {"name": "Can add goal", "content_type": 27, "codename": "add_goal"}}, {"model": "auth.permission", "pk": 106, "fields": {"name": "Can change goal", "content_type": 27, "codename": "change_goal"}}, {"model": "auth.permission", "pk": 107, "fields": {"name": "Can delete goal", "content_type": 27, "codename": "delete_goal"}}, {"model": "auth.permission", "pk": 108, "fields": {"name": "Can view goal", "content_type": 27, "codename": "view_goal"}}, {"model": "auth.user", "pk": 1, "fields": {"password": "pbkdf2_sha256$260000$1MtzNMaK2R8OWeLTMrFyYc$2stXOK6MEzfk1/yneh/xFzQO5VOZzt2n7DahrqXdu4w=", "last_login": "2023-03-23T22:34:59.008Z", "is_superuser": true, "username": "itsjoshissa", "first_name": "", "last_name": "", "email": "jesseren80@gmail.com", "is_staff": true, "is_active": true, "date_joined": "2023-03-23T14:51:11.908Z", "groups": [], "user_permissions": []}}, {"model": "auth.user", "pk": 2, "fields": {"password": "oawiehfoiwehjfiojkld", "last_login": null, "is_superuser": false, "username": "timyhe", "first_name": "Tim", "last_name": "He", "email": "timhehty@gmail.com ", "is_staff": false, "is_active": false, "date_joined": "2023-03-23T14:51:11.908Z", "groups": [], "user_permissions": []}}, {"model": "contenttypes.contenttype", "pk": 14, "fields": {"app_label": "admin", "model": "logentry"}}, {"model": "contenttypes.contenttype", "pk": 15, "fields": {"app_label": "auth", "model": "permission"}}, {"model": "contenttypes.contenttype", "pk": 16, "fields": {"app_label": "auth", "model": "group"}}, {"model": "contenttypes.contenttype", "pk": 17, "fields": {"app_label": "auth", "model": "user"}}, {"model": "contenttypes.contenttype", "pk": 18, "fields": {"app_label": "contenttypes", "model": "contenttype"}}, {"model": "contenttypes.contenttype", "pk": 19, "fields": {"app_label": "sessions", "model": "session"}}, {"model": "contenttypes.contenttype", "pk": 20, "fields": {"app_label": "leftonreadapi", "model": "book"}}, {"model": "contenttypes.contenttype", "pk": 21, "fields": {"app_label": "leftonreadapi", "model": "genre"}}, {"model": "contenttypes.contenttype", "pk": 22, "fields": {"app_label": "leftonreadapi", "model": "timeperiod"}}, {"model": "contenttypes.contenttype", "pk": 23, "fields": {"app_label": "leftonreadapi", "model": "userbookrelation"}}, {"model": "contenttypes.contenttype", "pk": 24, "fields": {"app_label": "leftonreadapi", "model": "friendship"}}, {"model": "contenttypes.contenttype", "pk": 25, "fields": {"app_label": "leftonreadapi", "model": "profile"}}, {"model": "contenttypes.contenttype", "pk": 26, "fields": {"app_label": "leftonreadapi", "model": "review"}}, {"model": "contenttypes.contenttype", "pk": 27, "fields": {"app_label": "leftonreadapi", "model": "goal"}}, {"model": "sessions.session", "pk": "4m6soshopel2odx4befr9iuhcyo3taam", "fields": {"session_data": ".eJxVjDsOwjAQBe_iGlm2E_8o6TmDtevd4ACypTipEHeHSCmgfTPzXiLBtpa0dV7STOIstDj9bgj5wXUHdId6azK3ui4zyl2RB-3y2oifl8P9OyjQy7eOjARRY_TkLZFXLiNwdJoD4DAgWjVax8EChkk5RvZOTWbUxlKObMT7AwlTOJk:1pfTWN:GiTHoJgq7XjOd5GDQ3xvq4i35b61QPSTexkiDyq2O98", "expire_date": "2023-04-06T22:34:59.019Z"}}, {"model": "sessions.session", "pk": "da8jvflq0j8e2savq072c7ll6mwl7184", "fields": {"session_data": ".eJxVjDsOwjAQBe_iGlm2E_8o6TmDtevd4ACypTipEHeHSCmgfTPzXiLBtpa0dV7STOIstDj9bgj5wXUHdId6azK3ui4zyl2RB-3y2oifl8P9OyjQy7eOjARRY_TkLZFXLiNwdJoD4DAgWjVax8EChkk5RvZOTWbUxlKObMT7AwlTOJk:1pfMIW:HH0n80UfNG8G7kqlJHia_8kgF3JEYFvE6-hSmRZ6S0Y", "expire_date": "2023-04-06T14:52:12.323Z"}}, {"model": "leftonreadapi.profile", "pk": 1, "fields": {"user": 1, "phone_number": "123456789", "profile_picture_url": "https://scontent-yyz1-1.xx.fbcdn.net/v/t39.30808-6/250357026_3100938036817932_7577352408579999602_n.jpg?_nc_cat=107&ccb=1-7&_nc_sid=09cbfe&_nc_ohc=F6_xvwMfbKAAX9JY8XA&_nc_ht=scontent-yyz1-1.xx&oh=00_AfDqDWRYItd8VLLykLj7jtKMIGbRetyLA_xm-XhopVaYJQ&oe=64222B71"}}, {"model": "leftonreadapi.profile", "pk": 2, "fields": {"user": 2, "phone_number": "234567890", "profile_picture_url": "https://media.licdn.com/dms/image/D5603AQHmpUkfETNpwQ/profile-displayphoto-shrink_200_200/0/1669596480163?e=1684972800&v=beta&t=30WiXFuVXr66ishYB3IAHdL0Ic3PNvMmMBKFfIcZJC8"}}, {"model": "leftonreadapi.friendship", "pk": 1, "fields": {"user1": 1, "user2": 2, "date_created": "2023-03-23T00:00:00Z"}}, {"model": "leftonreadapi.friendship", "pk": 2, "fields": {"user1": 2, "user2": 1, "date_created": "2023-03-23T00:00:00Z"}}, {"model": "leftonreadapi.book", "pk": 1, "fields": {"title": "Pride and Prejudice", "author": "Jane Austen", "country": "", "language": "EN", "word_count": 156644, "difficulty": "E", "cover_image_url": "https://cdn.penguin.co.uk/dam-assets/books/9780141199078/9780141199078-jacket-large.jpg", "amazon_url": "", "audible_url": "", "kindle_url": "", "popularity": 1, "publish_date": "1813-01-01", "description": "Pride and Prejudice is an 1813 novel of manners by Jane Austen. The novel follows the character development of Elizabeth Bennet, the dynamic protagonist of the book who learns about the repercussions of hasty judgments and comes to appreciate the difference between superficial goodness and actual goodness."}}, {"model": "leftonreadapi.book", "pk": 2, "fields": {"title": "To Kill a Mockingbird", "author": "Harper Lee", "country": "", "language": "EN", "word_count": 100388, "difficulty": "E", "cover_image_url": "https://cdn.penguin.co.uk/dam-assets/books/9781784752637/9781784752637-jacket-large.jpg", "amazon_url": "", "audible_url": "", "kindle_url": "", "popularity": 2, "publish_date": "1960-01-01", "description": "To Kill a Mockingbird is both a young girl's coming-of-age story and a darker drama about the roots and consequences of racism and prejudice, probing how good and evil can coexist within a single community or individual."}}, {"model": "leftonreadapi.book", "pk": 3, "fields": {"title": "The Great Gatsby", "author": "F. Scott Fitzgerald", "country": "", "language": "EN", "word_count": 47094, "difficulty": "E", "cover_image_url": "https://cdn.penguin.co.uk/dam-assets/books/9780141182636/9780141182636-jacket-large.jpg", "amazon_url": "", "audible_url": "", "kindle_url": "", "popularity": 3, "publish_date": "1925-01-01", "description": "The Great Gatsby, Third novel by American author F. Scott Fitzgerald, published in 1925. Set in Jazz Age New York, it tells the tragic story of Jay Gatsby, a self-made millionaire, and his pursuit of Daisy Buchanan, a wealthy young woman whom he loved in his youth."}}, {"model": "leftonreadapi.book", "pk": 4, "fields": {"title": "One Hundred Years of Solitude", "author": "Gabriel Garcia", "country": "", "language": "EN", "word_count": 144739, "difficulty": "E", "cover_image_url": "https://cdn.penguin.co.uk/dam-assets/books/9780241968581/9780241968581-jacket-large.jpg", "amazon_url": "", "audible_url": "", "kindle_url": "", "popularity": 4, "publish_date": "1967-01-01", "description": "This is the author's epic tale of seven generations of the Buendía family that also spans a hundred years of turbulent Latin American history, from the postcolonial 1820s to the 1920s. Patriarch José Arcadio Buendía builds the utopian city of Macondo in the middle of a swamp."}}, {"model": "leftonreadapi.book", "pk": 5, "fields": {"title": "In Cold Blood", "author": "Truman Capote", "country": "", "language": "EN", "word_count": 121890, "difficulty": "E", "cover_image_url": "https://cdn.penguin.co.uk/dam-assets/books/9780141182575/9780141182575-jacket-large.jpg", "amazon_url": "", "audible_url": "", "kindle_url": "", "popularity": 5, "publish_date": "1965-01-01", "description": "On November 15, 1959, in the small town of Holcomb, Kansas, four members of the Clutter family were savagely murdered by blasts from a shotgun held a few inches from their faces. There was no apparent motive for the crime, and there were almost no clues. As Truman Capote reconstructs the murder and the investigation that led to the capture, trial, and execution of the killers, he generates both mesmerizing suspense and astonishing empathy. In Cold Blood is a work that transcends its moment, yielding poignant insights into the nature of American violence."}}, {"model": "leftonreadapi.book", "pk": 6, "fields": {"title": "Wide Sargasso Sea", "author": "Jean Rhys", "country": "", "language": "EN", "word_count": 52624, "difficulty": "E", "cover_image_url": "https://cdn.penguin.co.uk/dam-assets/books/9780241281901/9780241281901-jacket-large.jpg", "amazon_url": "", "audible_url": "", "kindle_url": "", "popularity": 6, "publish_date": "1966-01-01", "description": "Wide Sargasso Sea is both a response and a prequel to Charlotte Brontë's Jane Eyre, set in the West Indies and imagining the lives of Bertha Mason and her family. Bidisha describes how Jean Rhys's novel portrays the racial and sexual exploitation at the heart of western civilisation and literature."}}, {"model": "leftonreadapi.book", "pk": 7, "fields": {"title": "Brave New World", "author": "Aldous Huxley", "country": "", "language": "EN", "word_count": 63766, "difficulty": "E", "cover_image_url": "https://cdn.penguin.co.uk/dam-assets/books/9781784870140/9781784870140-jacket-large.jpg", "amazon_url": "", "audible_url": "", "kindle_url": "", "popularity": 7, "publish_date": "1932-01-01", "description": "The novel examines a futuristic society, called the World State, that revolves around science and efficiency. In this society, emotions and individuality are conditioned out of children at a young age, and there are no lasting relationships because “every one belongs to every one else” (a common World State dictum)."}}, {"model": "leftonreadapi.book", "pk": 8, "fields": {"title": "I Capture The Castle", "author": "Dodie Smith", "country": "", "language": "EN", "word_count": 121992, "difficulty": "E", "cover_image_url": "https://cdn.penguin.co.uk/dam-assets/books/9780141371504/9780141371504-jacket-large.jpg", "amazon_url": "", "audible_url": "", "kindle_url": "", "popularity": 8, "publish_date": "1948-01-01", "description": "The novel relates the adventures of an eccentric family, the Mortmains, struggling to live in genteel poverty in a decaying castle during the 1930s. The first-person narrator is Cassandra Mortmain, an intelligent teenager who tells the story through her journal. It is a coming-of-age story in which Cassandra passes from being a girl at the beginning to being a young woman at the end."}}, {"model": "leftonreadapi.book", "pk": 9, "fields": {"title": "Jane Eyre", "author": "Charlotte Bronte", "country": "", "language": "EN", "word_count": 183858, "difficulty": "E", "cover_image_url": "https://cdn.penguin.co.uk/dam-assets/books/9780141040387/9780141040387-jacket-large.jpg", "amazon_url": "", "audible_url": "", "kindle_url": "", "popularity": 9, "publish_date": "1847-01-01", "description": "The novel follows the story of Jane, a seemingly plain and simple girl as she battles through life's struggles. Jane has many obstacles in her life - her cruel and abusive Aunt Reed, the grim conditions at Lowood school, her love for Rochester and Rochester's marriage to Bertha."}}, {"model": "leftonreadapi.book", "pk": 10, "fields": {"title": "Crime and Punishment", "author": "Fyodor Dostoevsky", "country": "", "language": "EN", "word_count": 211591, "difficulty": "E", "cover_image_url": "https://cdn.penguin.co.uk/dam-assets/books/9780140449136/9780140449136-jacket-large.jpg", "amazon_url": "", "audible_url": "", "kindle_url": "", "popularity": 10, "publish_date": "1866-01-01", "description": "Crime and Punishment follows the mental anguish and moral dilemmas of Rodion Raskolnikov, an impoverished ex-student in Saint Petersburg who plans to kill an unscrupulous pawnbroker, an old woman who stores money and valuable objects in her flat."}}, {"model": "leftonreadapi.userbookrelation", "pk": 1, "fields": {"user": 2, "book": 4, "progress": "TR", "start_date": "2023-02-10", "date_completed": null}}, {"model": "leftonreadapi.userbookrelation", "pk": 2, "fields": {"user": 2, "book": 3, "progress": "TR", "start_date": "2023-03-01", "date_completed": null}}, {"model": "leftonreadapi.userbookrelation", "pk": 3, "fields": {"user": 1, "book": 5, "progress": "TR", "start_date": "2023-01-15", "date_completed": null}}, {"model": "leftonreadapi.review", "pk": 1, "fields": {"user": 1, "book": 6, "review_date": "2022-01-23T00:00:00Z", "rating": 4, "review_text": "Excellent book, should be required reading in school."}}, {"model": "leftonreadapi.review", "pk": 2, "fields": {"user": 2, "book": 4, "review_date": "2023-02-01T00:00:00Z", "rating": 5, "review_text": "Beautiful world-building and storytelling. Would read this again and again and again."}}, {"model": "leftonreadapi.review", "pk": 3, "fields": {"user": 1, "book": 1, "review_date": "2023-02-01T00:00:00Z", "rating": 2, "review_text": "kinda boring"}}, {"model": "leftonreadapi.genre", "pk": 1, "fields": {"genre_name": "ADV", "books": [], "users": []}}, {"model": "leftonreadapi.genre", "pk": 2, "fields": {"genre_name": "MYS", "books": [3], "users": []}}, {"model": "leftonreadapi.genre", "pk": 3, "fields": {"genre_name": "FAN", "books": [4], "users": []}}, {"model": "leftonreadapi.genre", "pk": 4, "fields": {"genre_name": "THR", "books": [], "users": []}}, {"model": "leftonreadapi.genre", "pk": 5, "fields": {"genre_name": "SCF", "books": [7], "users": []}}, {"model": "leftonreadapi.genre", "pk": 6, "fields": {"genre_name": "DYS", "books": [7], "users": [1]}}, {"model": "leftonreadapi.genre", "pk": 7, "fields": {"genre_name": "CON", "books": [], "users": []}}, {"model": "leftonreadapi.genre", "pk": 8, "fields": {"genre_name": "DRA", "books": [1, 2, 5, 9, 10], "users": []}}, {"model": "leftonreadapi.genre", "pk": 9, "fields": {"genre_name": "ROM", "books": [1, 6, 8, 9], "users": [1]}}, {"model": "leftonreadapi.genre", "pk": 10, "fields": {"genre_name": "TRA", "books": [2, 3, 5, 6, 10], "users": []}}, {"model": "leftonreadapi.genre", "pk": 11, "fields": {"genre_name": "ADV", "books": [], "users": []}}, {"model": "leftonreadapi.genre", "pk": 12, "fields": {"genre_name": "MYS", "books": [], "users": []}}, {"model": "leftonreadapi.genre", "pk": 13, "fields": {"genre_name": "FAN", "books": [], "users": []}}, {"model": "leftonreadapi.genre", "pk": 14, "fields": {"genre_name": "THR", "books": [], "users": []}}, {"model": "leftonreadapi.genre", "pk": 15, "fields": {"genre_name": "ROM", "books": [], "users": []}}, {"model": "leftonreadapi.genre", "pk": 16, "fields": {"genre_name": "SCF", "books": [], "users": []}}, {"model": "leftonreadapi.genre", "pk": 17, "fields": {"genre_name": "DYS", "books": [], "users": []}}, {"model": "leftonreadapi.genre", "pk": 18, "fields": {"genre_name": "CON", "books": [], "users": []}}]